"Mostrar nombre","Ciudad"
"UNEI Iniciativa Social S.L., Faisem Málaga ( C.D ARQUIMEDES )","MÁLAGA RUTA 2"
"UNEI Iniciativa Social S.L., Faisem Málaga ( C.D MALASAÑA ,25 )","MÁLAGA"
"UNEI Iniciativa Social S.L., Faisem Málaga (C.D MALASAÑA, 25 )","MÁLAGA RUTA 2"
"UNEI Iniciativa Social S.L., Faisem Málaga ( C.D MARTINEZ DE LA ROSA , 58)","MÁLAGA RUTA 2"
"UNEI Iniciativa Social S.L., Faisem Málaga ( C.D MARTINEZ DE LA ROSA , 82 )","MÁLAGA RUTA 2"
"UNEI Iniciativa Social S.L., Faisem Málaga (C.D. SAN AGUSTIN )","MALAGA RUTA 1"
"UNEI Iniciativa Social S.L., Faisem Málaga ( C.D. VELEZ MÁLAGA)","MÁLAGA RUTA 1"
"UNEI Iniciativa Social S.L., Faisem Málaga ( C.H. ABDERRAMÁN, 26 )","MÁLAGA RUTA 1"
"UNEI Iniciativa Social S.L., Faisem Málaga ( C.H. ATRÁS ,29 )","MÁLAGA RUTA 1"
"UNEI Iniciativa Social S.L., Faisem Málaga ( C.H CABELLO ,12 )","MÁLAGA RUTA 2"
"UNEI Iniciativa Social S.L., Faisem Málaga  ( C.H. FEDERICO MUÑOZ ,14 )","MALAGA RUTA1"
"UNEI Iniciativa Social S.L., Faisem Málaga (C.H VELEZ)","MÁLAGA RUTA 1"
"UNEI Iniciativa Social S.L., Faisem Málaga  ( V.S ALAMEDA CAPUCHINOS ,68,4-3)","MÁLAGA RUTA 2"
"UNEI Iniciativa Social S.L., Faisem Málaga ( V.S. ANDALUCÍA , 75, BAJO B)","MALAGA RUTA 1"
"UNEI Iniciativa Social S.L., Faisem Málaga ( V.S ANTONIO JIMENEZ ,8 )","MÁLAGA RUTA 2"
"UNEI Iniciativa Social S.L., Faisem Málaga (V.S AVD. DE LA LUZ, 20-1º4","MÁLAGA RUTA 2"
"UNEI Iniciativa Social S.L., Faisem Málaga  ( V. S BALTASAR GRACIAN ,1 )","MÁLAGA RUTA 2"
"UNEI Iniciativa Social S.L., Faisem Málaga ( V.S BLAS DE LEZO,4 ,5ºA )","MÁLAGA RUTA 2"
"UNEI Iniciativa Social S.L., Faisem Málaga ( V.S. CASQUERO )","MALAGA RUTA 1"
"UNEI Iniciativa Social S.L., Faisem Málaga (V.S GORDÓN )","MÁLAGA  RUTA 2"
"UNEI Iniciativa Social S.L., Faisem Málaga (V.S HERNANDO DE ZAFRA,3)","MÁLAGA RUTA 2"
"UNEI Iniciativa Social S.L., Faisem Málaga (V.S HUERTO MONJA,8 )","MÁLAGA RUTA 2"
"UNEI Iniciativa Social S.L., Faisem Málaga ( V.S INGENIERO DE LA SIERVA ,20)","MÁLAGA RUTA 2"
"UNEI Iniciativa Social S.L., Faisem Málaga (V.S JOSÉ ORTEGA LUQUE, 14, 1ºA )","MÁLAGA RUTA 2"
"UNEI Iniciativa Social S.L., Faisem Málaga  (V.S JOSÉ ORTEGA LUQUE , 14, 1ºB )","MALAGA RUTA 2"
"UNEI Iniciativa Social S.L., Faisem Málaga ( V.S JOSÉ ORTEGA LUQUE ,14 BAJO A )","MÁLAGA RUTA 2"
"UNEI Iniciativa Social S.L., Faisem Málaga  ( V.S JOSÉ ORTEGA LUQUE , 14, BAJO B )","MÁLAGA RUTA 2"
"UNEI Iniciativa Social S.L., Faisem Málaga ( V.S. JOSÉ TELLEZ MACIAS, 15 )","MÁLAGA RUTA 1"
"UNEI Iniciativa Social S.L., Faisem Málaga ( V.S JUAN DE AUSTRIA , 28 )","MÁLAGA RUTA 2"
"UNEI Iniciativa Social S.L., Faisem Málaga ( V.S. JUAN DE AUSTRIA ,35 )","MÁLAGA RUTA 2"
"UNEI Iniciativa Social S.L., Faisem Málaga ( V.S LOS GUINDOS )","MÁLAGA RUTA 2"
"UNEI Iniciativa Social S.L., Faisem Málaga (V.S MARÍA BARRANCO, 2ºD )","MÁLAGA RUTA 1"
"UNEI Iniciativa Social S.L., Faisem Málaga (V.S MARIA BARRANCO, BAJO B)","MÁLAGA RUTA 1"
"UNEI Iniciativa Social S.L., Faisem Málaga ( V.S MARISCAL ,12 ,1-C )","MÁLAGA RUTA 2"
"UNEI Iniciativa Social S.L., Faisem Málaga (  V.S. MARISCAL 2 , 4º E )","MÁLAGA RUTA 2"
"UNEI Iniciativa Social S.L., Faisem Málaga (V.S. OBISPO ANGEL HERRERA ORIA, 39)","MÁLAGA RUTA 2"
"UNEI Iniciativa Social S.L., Faisem Málaga ( V.S PAJARITOS , 12, A)","MÁLAGA RUTA 2"
"UNEI Iniciativa Social S.L., Faisem Málaga  ( V.S PAJARITOS 12 B )","MÁLAGA RUTA 2"
"UNEI Iniciativa Social S.L., Faisem Málaga ( V.S SAN JORGE )","MÁLAGA RUTA 2"
"UNEI Iniciativa Social S.L., Faisem Málaga (V.S TOMÁS DE BURGOS ,23)","MALAGA RUTA 2"
"UNEI Iniciativa Social S.L., Faisem Málaga ( V.S TOQUERO , 2 )","MÁLAGA RUTA 2"
"UNEI Iniciativa Social S.L., Faisem Málaga (V.S VENTURA RODRÍGUEZ )","MÁLAGA RUTA 2"
"UNEI Iniciativa Social S.L., Faisem Málaga (V.S. VIRGEN DEL CARMEN,10,1ºCHA)","MÁLAGA RUTA 1"
